/docs/governance/ /welcome/welcome-overview 301
/docs/governance/media/ https://www.youtube.com/channel/UCy9EVw1XTHqPU3NNisoAVXw 301
/docs/governance/get-a-grant/ /grant/grant-overview 301
/docs/governance/howto-delegate/ /token-house/how-to-delegate 301
/docs/governance/economics/ /op-token/op-token-overview 301
/docs/governance/allocations/ /op-token/op-token-overview 301
/docs/governance/airdrop-4/ /op-token/airdrops/airdrop-4 301
/docs/governance/airdrop-3/ /op-token/airdrops/airdrop-3 301
/docs/governance/airdrop-2/ /op-token/airdrops/airdrop-2 301
/docs/governance/airdrop-1/ /op-token/airdrops/airdrop-1 301
/docs/governance/delegate/ /token-house/delegate-expectations 301
/docs/governance/existing-delegate/ /token-house/delegate-expectations 301
/docs/governance/delegate-info/ https://dune.com/optimismfnd/optimism-op-token-house 301
/docs/governance/proposals/ /grant/grant-overview 301
/docs/governance/token-house/ /welcome/welcome-overview 301
/docs/governance/token-house-history/ /token-house/token-house-history 301
/docs/governance/gov-fund/ /token-house/gov-fund-overview 301
/docs/governance/law-of-chains-disclaimer/ /welcome/governing-docs/law-of-chains-disclaimer 301
/docs/governance/what-is-the-optimism-foundation/ /welcome/faq/what-is-the-optimism-foundation 301
/docs/citizen-house/ /citizens-house/citizen-house-overview 301
/docs/citizen-house/how-retro-funding-works/ /citizens-house/how-retro-funding-works 301
/docs/citizen-house/retropgf-1/ /citizens-house/rounds/retropgf-1 301
/docs/citizen-house/retropgf-2/ /citizens-house/rounds/retropgf-2 301
/docs/citizen-house/retropgf-3/ /citizens-house/rounds/retropgf-3 301
/docs/citizen-house/retropgf-4/ /citizens-house/rounds/retropgf-4 301
/docs/citizen-house/citizenship-selection/ /citizens-house/citizenship-selection 301
/docs/citizen-house/experimentation-with-citizenship/ /citizens-house/experimentation-with-citizenship 301
/docs/identity/ /identity/identity-and-rep 301
/docs/identity/identity-and-rep/ /identity/identity-and-rep 301
/docs/identity/project-and-individual-identity-in-the-collective/ /identity/project-and-individual-identity-in-the-collective 301
/docs/identity/attestations-best-practices/ /identity/attestations-best-practices 301
/docs/contribute/ /contribute/contribute-overview 301
/docs/contribute/contribution-path/translators/ /contribute/contribution-path/translators 301
/docs/contribute/contribution-path/local-optimists/ /contribute/contribution-path/translators 301
/docs/contribute/contribution-path/NERD-req/ /contribute/contribution-path/supnerd-requirements 301
/docs/contribute/contribution-path/numbaNERDs/ /contribute/contribution-path/numbanerds 301
/docs/contribute/contribution-path/techNERDs/ /contribute/contribution-path/technerds 301
/docs/contribute/technical-contributions/ /contribute/technical-contributions 301
/docs/contribute/contribution-path/govNERDs/ /contribute/contribution-path/govnerds 301
/docs/contribute/important-terms/ /contribute/important-terms 301
/docs/contribute/contribution-path/Ambassador-req/ /contribute/contribution-path/ambassador-req 301
/docs/contribute/demo-day/ /contribute/demo-day 301
/docs/biz/ /grant/get-support 301
